transaction_id,product_id,quantity_sold,price_per_unit,total_amount,timestamp
29-205-1132_0,29-205-1132,32,4.50,144.0,8/16/2024
40-681-9981_1,40-681-9981,85,20.00,1700.0,11/1/2024
06-955-3428_2,06-955-3428,31,6.00,186.0,8/3/2024
71-594-6552_3,71-594-6552,95,1.50,142.5,12/8/2024
57-437-1828_4,57-437-1828,62,4.00,248.0,7/3/2024
21-120-6238_5,21-120-6238,34,1.75,59.5,12/3/2024
71-516-1996_6,71-516-1996,67,2.50,167.5,3/18/2024
39-629-5554_7,39-629-5554,21,2.50,52.5,2/3/2025
66-268-8345_8,66-268-8345,56,3.00,168.0,12/4/2024
46-452-9419_9,46-452-9419,27,1.00,27.0,11/18/2024
51-469-4611_10,51-469-4611,100,1.60,160.0,12/18/2024
42-220-9305_11,42-220-9305,100,2.00,200.0,10/19/2024
75-094-1179_12,75-094-1179,47,3.00,141.0,12/13/2024
11-073-0189_13,11-073-0189,69,4.00,276.0,4/5/2024
22-621-2774_14,22-621-2774,63,6.00,378.0,3/11/2024
39-449-0772_15,39-449-0772,20,7.00,140.0,2/27/2024
55-936-2406_16,55-936-2406,66,1.50,99.0,11/16/2024
82-041-7211_17,82-041-7211,78,8.00,624.0,9/10/2024
48-414-6162_18,48-414-6162,46,20.00,920.0,5/29/2024
76-854-0095_19,76-854-0095,29,2.00,58.0,5/31/2024
25-349-7974_20,25-349-7974,82,2.50,205.0,10/7/2024
66-627-9752_21,66-627-9752,52,12.00,624.0,8/17/2024
78-614-4402_22,78-614-4402,20,2.00,40.0,9/30/2024
67-025-1245_23,67-025-1245,73,1.00,73.0,4/9/2024
68-418-6724_24,68-418-6724,59,12.00,708.0,12/21/2024
40-795-0753_25,40-795-0753,46,1.50,69.0,5/28/2024
02-508-3777_26,02-508-3777,97,0.80,77.60000000000001,11/5/2024
79-741-0770_27,79-741-0770,94,6.00,564.0,6/24/2024
31-211-5803_28,31-211-5803,50,5.00,250.0,7/16/2024
16-499-5059_29,16-499-5059,61,4.50,274.5,8/18/2024
76-340-4432_30,76-340-4432,31,1.75,54.25,5/3/2024
38-732-7667_31,38-732-7667,42,3.50,147.0,8/23/2024
04-240-2226_32,04-240-2226,42,6.00,252.0,8/13/2024
79-136-9840_33,79-136-9840,25,30.00,750.0,11/5/2024
73-401-5721_34,73-401-5721,65,9.00,585.0,5/28/2024
91-848-0606_35,91-848-0606,60,2.00,120.0,6/11/2024
54-109-8062_36,54-109-8062,43,4.50,193.5,7/11/2024
70-612-2531_37,70-612-2531,51,3.45,175.95000000000002,3/17/2024
26-161-6692_38,26-161-6692,79,2.50,197.5,12/22/2024
43-893-5408_39,43-893-5408,47,3.00,141.0,1/21/2025
11-316-8405_40,11-316-8405,39,5.00,195.0,4/26/2024
34-086-3222_41,34-086-3222,66,2.30,151.79999999999998,6/24/2024
21-816-1004_42,21-816-1004,25,15.00,375.0,1/26/2025
43-693-2092_43,43-693-2092,40,3.00,120.0,4/30/2024
63-270-7076_44,63-270-7076,32,3.50,112.0,4/21/2024
90-230-9767_45,90-230-9767,66,1.50,99.0,4/6/2024
05-334-2923_46,05-334-2923,37,1.50,55.5,8/18/2024
52-481-5224_47,52-481-5224,44,6.00,264.0,1/21/2025
11-325-7396_48,11-325-7396,24,5.00,120.0,7/28/2024
70-854-6891_49,70-854-6891,42,4.00,168.0,1/28/2025
46-520-1819_50,46-520-1819,38,4.50,171.0,7/4/2024
91-105-7317_51,91-105-7317,95,3.00,285.0,3/20/2024
40-751-8635_52,40-751-8635,96,3.40,326.4,8/30/2024
02-920-4829_53,02-920-4829,61,2.50,152.5,10/19/2024
36-918-2937_54,36-918-2937,35,12.00,420.0,3/12/2024
68-761-6907_55,68-761-6907,57,2.50,142.5,7/28/2024
69-468-5468_56,69-468-5468,32,4.50,144.0,11/3/2024
27-635-8394_57,27-635-8394,63,2.90,182.7,2/3/2025
41-729-5410_58,41-729-5410,30,6.00,180.0,10/23/2024
33-335-9140_59,33-335-9140,38,6.00,228.0,10/24/2024
11-581-9869_60,11-581-9869,44,1.50,66.0,5/1/2024
78-237-0277_61,78-237-0277,64,5.00,320.0,9/15/2024
75-152-8731_62,75-152-8731,30,4.45,133.5,4/11/2024
65-718-0492_63,65-718-0492,84,6.00,504.0,5/5/2024
55-697-5242_64,55-697-5242,54,6.00,324.0,1/31/2025
14-844-4138_65,14-844-4138,67,15.00,1005.0,2/3/2025
20-225-3930_66,20-225-3930,93,25.00,2325.0,12/8/2024
66-993-4234_67,66-993-4234,44,1.80,79.2,7/18/2024
87-762-1317_68,87-762-1317,83,7.00,581.0,1/28/2025
81-844-2979_69,81-844-2979,47,4.00,188.0,9/24/2024
44-408-7594_70,44-408-7594,51,3.00,153.0,11/24/2024
26-010-9519_71,26-010-9519,85,12.00,1020.0,5/3/2024
65-464-5070_72,65-464-5070,20,4.00,80.0,2/3/2025
07-970-9352_73,07-970-9352,74,4.45,329.3,3/10/2024
88-746-9468_74,88-746-9468,76,2.00,152.0,11/25/2024
06-336-5482_75,06-336-5482,60,6.00,360.0,12/31/2024
03-276-3931_76,03-276-3931,26,4.50,117.0,6/30/2024
39-232-5341_77,39-232-5341,50,4.50,225.0,9/21/2024
12-239-9399_78,12-239-9399,30,1.20,36.0,12/14/2024
75-080-4909_79,75-080-4909,86,2.50,215.0,12/9/2024
70-815-4015_80,70-815-4015,67,6.00,402.0,12/10/2024
11-032-9778_81,11-032-9778,50,3.00,150.0,12/13/2024
54-374-9986_82,54-374-9986,72,2.50,180.0,6/3/2024
77-312-6317_83,77-312-6317,59,2.40,141.6,2/26/2024
13-844-2178_84,13-844-2178,90,6.00,540.0,9/5/2024
22-141-9798_85,22-141-9798,29,2.00,58.0,5/18/2024
20-022-3173_86,20-022-3173,38,1.50,57.0,10/8/2024
26-177-5690_87,26-177-5690,64,1.80,115.2,3/6/2024
70-871-4536_88,70-871-4536,59,8.00,472.0,1/19/2025
06-611-5454_89,06-611-5454,51,4.00,204.0,1/30/2025
89-543-3456_90,89-543-3456,24,10.00,240.0,2/28/2024
82-395-5070_91,82-395-5070,69,5.00,345.0,7/9/2024
14-305-5348_92,14-305-5348,56,9.00,504.0,8/2/2024
82-243-3180_93,82-243-3180,33,1.80,59.4,6/23/2024
25-010-9478_94,25-010-9478,82,3.00,246.0,8/9/2024
13-202-4809_95,13-202-4809,91,7.00,637.0,5/1/2024
67-270-7464_96,67-270-7464,51,4.75,242.25,2/1/2025
11-733-1756_97,11-733-1756,95,2.00,190.0,8/28/2024
80-988-4653_98,80-988-4653,66,2.50,165.0,4/20/2024
60-343-7973_99,60-343-7973,67,3.20,214.4,4/15/2024
34-861-4446_100,34-861-4446,43,6.00,258.0,11/27/2024
67-710-5120_101,67-710-5120,92,1.50,138.0,10/29/2024
49-891-4927_102,49-891-4927,68,5.00,340.0,1/2/2025
55-522-8242_103,55-522-8242,60,4.00,240.0,11/8/2024
62-509-0666_104,62-509-0666,24,9.50,228.0,7/28/2024
64-478-4745_105,64-478-4745,56,2.50,140.0,6/4/2024
35-835-5591_106,35-835-5591,61,7.00,427.0,11/17/2024
26-690-3784_107,26-690-3784,53,2.00,106.0,10/2/2024
67-546-1568_108,67-546-1568,56,4.00,224.0,6/4/2024
67-625-9704_109,67-625-9704,98,6.00,588.0,6/3/2024
31-969-4614_110,31-969-4614,23,20.00,460.0,9/8/2024
50-364-5828_111,50-364-5828,38,5.00,190.0,8/15/2024
61-827-4098_112,61-827-4098,63,8.00,504.0,2/1/2025
87-698-0944_113,87-698-0944,35,98.43,3445.05,9/17/2024
36-636-4873_114,36-636-4873,80,6.10,488.0,3/25/2024
98-556-5323_115,98-556-5323,96,6.00,576.0,5/13/2024
97-772-2336_116,97-772-2336,44,3.50,154.0,8/13/2024
19-047-4239_117,19-047-4239,93,4.00,372.0,5/21/2024
41-316-8427_118,41-316-8427,60,4.50,270.0,11/26/2024
15-907-3681_119,15-907-3681,61,3.85,234.85,11/28/2024
14-305-9690_120,14-305-9690,58,4.30,249.39999999999998,8/30/2024
40-860-4532_121,40-860-4532,83,21.00,1743.0,11/15/2024
44-552-3909_122,44-552-3909,24,4.50,108.0,10/8/2024
75-029-9003_123,75-029-9003,28,4.00,112.0,5/16/2024
74-587-2065_124,74-587-2065,31,4.50,139.5,10/27/2024
70-149-6756_125,70-149-6756,28,4.20,117.60000000000001,4/21/2024
29-896-7926_126,29-896-7926,62,1.80,111.60000000000001,1/6/2025
54-822-9009_127,54-822-9009,21,3.20,67.2,10/25/2024
84-075-7647_128,84-075-7647,43,2.30,98.89999999999999,4/27/2024
88-602-8210_129,88-602-8210,94,10.00,940.0,6/22/2024
04-542-3863_130,04-542-3863,49,1.50,73.5,10/9/2024
57-613-5779_131,57-613-5779,20,7.00,140.0,6/19/2024
90-737-0044_132,90-737-0044,26,6.00,156.0,12/10/2024
28-956-1320_133,28-956-1320,50,3.00,150.0,5/23/2024
87-791-5803_134,87-791-5803,36,18.00,648.0,7/4/2024
14-521-4167_135,14-521-4167,48,2.50,120.0,5/13/2024
51-572-5497_136,51-572-5497,56,3.00,168.0,8/31/2024
28-840-6096_137,28-840-6096,59,6.00,354.0,9/9/2024
44-538-3366_138,44-538-3366,25,18.00,450.0,9/11/2024
51-459-5630_139,51-459-5630,84,4.00,336.0,8/2/2024
02-655-3240_140,02-655-3240,36,2.00,72.0,10/25/2024
42-887-6557_141,42-887-6557,76,1.50,114.0,9/23/2024
96-316-7600_142,96-316-7600,23,4.50,103.5,7/31/2024
58-063-8633_143,58-063-8633,69,4.50,310.5,7/21/2024
43-703-9939_144,43-703-9939,81,3.50,283.5,5/8/2024
88-069-5486_145,88-069-5486,41,8.00,328.0,5/23/2024
74-845-3299_146,74-845-3299,93,8.00,744.0,8/18/2024
81-605-6246_147,81-605-6246,22,6.00,132.0,1/26/2025
73-561-2867_148,73-561-2867,75,4.00,300.0,10/10/2024
19-967-0632_149,19-967-0632,44,3.00,132.0,8/14/2024
23-070-2433_150,23-070-2433,69,2.50,172.5,8/8/2024
27-262-2437_151,27-262-2437,54,8.10,437.4,8/26/2024
39-479-5147_152,39-479-5147,40,18.00,720.0,12/24/2024
71-085-4290_153,71-085-4290,91,1.80,163.8,8/26/2024
48-957-6116_154,48-957-6116,46,3.00,138.0,5/30/2024
83-917-7384_155,83-917-7384,52,7.00,364.0,3/27/2024
26-031-8070_156,26-031-8070,89,2.00,178.0,7/25/2024
03-149-9760_157,03-149-9760,43,4.00,172.0,2/19/2025
53-680-5293_158,53-680-5293,79,9.00,711.0,5/28/2024
49-861-7823_159,49-861-7823,41,5.00,205.0,7/16/2024
24-364-3341_160,24-364-3341,51,2.50,127.5,7/29/2024
80-374-5711_161,80-374-5711,70,31.00,2170.0,1/28/2025
76-325-9093_162,76-325-9093,29,6.50,188.5,4/18/2024
30-429-2162_163,30-429-2162,90,6.15,553.5,10/3/2024
53-446-8243_164,53-446-8243,88,3.00,264.0,2/4/2025
67-473-7093_165,67-473-7093,52,5.00,260.0,12/10/2024
98-235-2711_166,98-235-2711,98,5.00,490.0,9/12/2024
07-219-8017_167,07-219-8017,71,1.80,127.8,10/31/2024
97-040-3822_168,97-040-3822,42,8.00,336.0,5/12/2024
10-002-6494_169,10-002-6494,46,4.80,220.79999999999998,3/2/2024
12-998-3882_170,12-998-3882,69,2.50,172.5,10/1/2024
31-746-4951_171,31-746-4951,30,2.75,82.5,4/3/2024
87-097-5691_172,87-097-5691,62,10.00,620.0,4/8/2024
34-075-0371_173,34-075-0371,90,3.00,270.0,9/11/2024
40-810-9261_174,40-810-9261,33,12.50,412.5,6/26/2024
46-931-6897_175,46-931-6897,64,2.50,160.0,9/21/2024
58-182-6781_176,58-182-6781,77,5.00,385.0,10/11/2024
06-706-6490_177,06-706-6490,60,8.00,480.0,10/18/2024
47-578-4161_178,47-578-4161,98,10.00,980.0,5/10/2024
18-199-5799_179,18-199-5799,40,9.00,360.0,10/9/2024
00-357-2313_180,00-357-2313,24,10.00,240.0,6/29/2024
83-704-6367_181,83-704-6367,20,21.00,420.0,11/17/2024
01-144-5960_182,01-144-5960,89,12.00,1068.0,10/20/2024
96-774-0457_183,96-774-0457,99,8.00,792.0,2/24/2025
24-310-9184_184,24-310-9184,98,3.00,294.0,7/5/2024
10-255-8579_185,10-255-8579,69,4.50,310.5,7/12/2024
38-417-4656_186,38-417-4656,20,2.00,40.0,10/5/2024
53-080-8252_187,53-080-8252,32,4.50,144.0,12/19/2024
14-681-7035_188,14-681-7035,35,25.00,875.0,12/11/2024
96-503-7712_189,96-503-7712,76,2.50,190.0,5/25/2024
98-064-4465_190,98-064-4465,72,7.00,504.0,4/19/2024
84-198-7276_191,84-198-7276,94,4.00,376.0,8/29/2024
18-278-2383_192,18-278-2383,43,7.00,301.0,11/11/2024
20-054-3716_193,20-054-3716,88,5.00,440.0,3/5/2024
63-822-5278_194,63-822-5278,86,6.00,516.0,8/13/2024
01-439-6231_195,01-439-6231,25,2.50,62.5,12/11/2024
06-690-2335_196,06-690-2335,35,4.75,166.25,2/22/2025
47-554-5780_197,47-554-5780,78,9.00,702.0,6/9/2024
70-587-1204_198,70-587-1204,37,6.00,222.0,7/8/2024
97-710-2449_199,97-710-2449,31,2.80,86.8,5/23/2024
51-462-0747_200,51-462-0747,43,2.00,86.0,1/22/2025
90-492-0564_201,90-492-0564,32,6.00,192.0,11/18/2024
63-956-0739_202,63-956-0739,39,10.00,390.0,12/5/2024
30-832-5429_203,30-832-5429,68,3.50,238.0,1/10/2025
38-822-8005_204,38-822-8005,49,1.75,85.75,1/19/2025
73-118-1117_205,73-118-1117,100,6.00,600.0,5/27/2024
60-285-3783_206,60-285-3783,52,6.00,312.0,4/7/2024
00-215-7434_207,00-215-7434,59,2.50,147.5,4/28/2024
68-734-1585_208,68-734-1585,92,51.17,4707.64,1/8/2025
08-703-1382_209,08-703-1382,70,4.00,280.0,2/21/2025
65-282-0419_210,65-282-0419,29,25.50,739.5,12/28/2024
62-777-6010_211,62-777-6010,42,4.25,178.5,7/3/2024
87-675-1506_212,87-675-1506,46,5.90,271.40000000000003,8/26/2024
67-027-7269_213,67-027-7269,88,6.50,572.0,1/6/2025
72-066-4597_214,72-066-4597,69,4.00,276.0,2/20/2025
31-627-6025_215,31-627-6025,56,2.50,140.0,8/22/2024
09-286-8107_216,09-286-8107,70,3.00,210.0,1/20/2025
77-013-1553_217,77-013-1553,92,2.30,211.6,4/10/2024
15-762-1058_218,15-762-1058,81,2.00,162.0,11/29/2024
48-193-1199_219,48-193-1199,47,2.30,108.1,5/7/2024
01-173-0029_220,01-173-0029,37,10.00,370.0,1/10/2025
79-400-6216_221,79-400-6216,56,7.20,403.2,2/10/2025
80-072-8774_222,80-072-8774,76,18.00,1368.0,9/24/2024
78-689-8958_223,78-689-8958,73,25.00,1825.0,1/7/2025
57-562-2358_224,57-562-2358,94,15.00,1410.0,6/17/2024
56-191-6497_225,56-191-6497,35,1.50,52.5,1/14/2025
46-753-8430_226,46-753-8430,92,7.00,644.0,10/2/2024
48-461-3742_227,48-461-3742,47,6.00,282.0,7/6/2024
16-354-8122_228,16-354-8122,57,4.00,228.0,4/25/2024
76-954-1442_229,76-954-1442,74,20.00,1480.0,11/22/2024
44-476-0390_230,44-476-0390,71,2.50,177.5,7/28/2024
35-617-3857_231,35-617-3857,59,20.00,1180.0,1/4/2025
94-029-2717_232,94-029-2717,86,4.00,344.0,7/26/2024
49-526-7806_233,49-526-7806,48,4.00,192.0,12/19/2024
99-137-1730_234,99-137-1730,32,1.50,48.0,7/22/2024
27-442-3654_235,27-442-3654,69,30.00,2070.0,7/21/2024
32-933-0329_236,32-933-0329,40,10.00,400.0,1/17/2025
93-813-2419_237,93-813-2419,98,4.00,392.0,12/21/2024
85-440-3667_238,85-440-3667,53,7.00,371.0,8/6/2024
77-224-2227_239,77-224-2227,43,9.50,408.5,8/26/2024
60-632-8752_240,60-632-8752,45,5.00,225.0,11/4/2024
99-561-4871_241,99-561-4871,100,9.00,900.0,2/14/2025
61-607-7622_242,61-607-7622,84,1.00,84.0,5/13/2024
11-745-3025_243,11-745-3025,37,4.00,148.0,6/11/2024
56-810-0550_244,56-810-0550,52,7.50,390.0,8/29/2024
59-075-2457_245,59-075-2457,33,2.50,82.5,8/21/2024
40-021-2400_246,40-021-2400,53,2.50,132.5,10/24/2024
29-017-6255_247,29-017-6255,96,4.60,441.59999999999997,3/1/2024
92-291-7089_248,92-291-7089,60,9.50,570.0,2/1/2025
69-287-9113_249,69-287-9113,54,2.50,135.0,10/27/2024
76-540-6407_250,76-540-6407,79,3.10,244.9,2/7/2025
85-561-4694_251,85-561-4694,70,6.00,420.0,5/15/2024
34-928-2775_252,34-928-2775,96,5.00,480.0,12/18/2024
90-773-9557_253,90-773-9557,45,3.00,135.0,8/20/2024
57-394-1587_254,57-394-1587,53,1.50,79.5,8/25/2024
28-008-2951_255,28-008-2951,52,4.00,208.0,7/20/2024
74-711-7160_256,74-711-7160,39,4.50,175.5,1/22/2025
22-895-6595_257,22-895-6595,38,2.00,76.0,2/29/2024
19-214-5762_258,19-214-5762,57,4.50,256.5,4/6/2024
95-349-0828_259,95-349-0828,95,7.00,665.0,9/27/2024
00-963-2193_260,00-963-2193,84,1.00,84.0,7/19/2024
76-459-2392_261,76-459-2392,31,1.80,55.800000000000004,3/26/2024
10-034-7654_262,10-034-7654,27,1.50,40.5,4/18/2024
24-972-6969_263,24-972-6969,28,9.20,257.59999999999997,9/11/2024
94-190-5193_264,94-190-5193,67,1.50,100.5,9/23/2024
92-791-0606_265,92-791-0606,61,3.00,183.0,3/26/2024
84-629-1532_266,84-629-1532,30,21.00,630.0,2/25/2024
68-977-2498_267,68-977-2498,93,5.50,511.5,7/30/2024
91-257-3672_268,91-257-3672,63,7.00,441.0,8/8/2024
09-536-2626_269,09-536-2626,47,6.00,282.0,10/17/2024
61-801-8665_270,61-801-8665,34,10.50,357.0,10/19/2024
38-296-6634_271,38-296-6634,82,3.00,246.0,10/22/2024
30-591-7275_272,30-591-7275,45,2.50,112.5,10/21/2024
83-763-5038_273,83-763-5038,21,2.40,50.4,11/22/2024
37-709-3532_274,37-709-3532,55,6.00,330.0,10/29/2024
62-795-7801_275,62-795-7801,62,1.80,111.60000000000001,8/17/2024
98-575-4736_276,98-575-4736,22,1.80,39.6,10/20/2024
57-861-4379_277,57-861-4379,93,8.00,744.0,2/28/2024
00-119-8780_278,00-119-8780,39,20.00,780.0,2/17/2025
28-824-9017_279,28-824-9017,96,11.50,1104.0,8/22/2024
56-668-5370_280,56-668-5370,100,2.00,200.0,11/26/2024
29-756-7042_281,29-756-7042,63,4.00,252.0,6/29/2024
41-538-3129_282,41-538-3129,62,4.00,248.0,9/1/2024
16-380-0753_283,16-380-0753,33,5.00,165.0,10/7/2024
26-535-4727_284,26-535-4727,72,7.00,504.0,6/21/2024
59-857-6577_285,59-857-6577,63,2.00,126.0,5/10/2024
14-550-2152_286,14-550-2152,96,7.60,729.5999999999999,3/29/2024
39-315-3936_287,39-315-3936,23,4.00,92.0,2/21/2025
87-199-2743_288,87-199-2743,63,4.50,283.5,3/26/2024
60-771-0879_289,60-771-0879,79,10.00,790.0,11/17/2024
00-440-9568_290,00-440-9568,55,10.00,550.0,9/23/2024
07-074-1196_291,07-074-1196,40,3.90,156.0,4/14/2024
69-674-5387_292,69-674-5387,92,1.75,161.0,6/15/2024
08-940-8578_293,08-940-8578,90,2.00,180.0,5/3/2024
94-020-6982_294,94-020-6982,31,18.00,558.0,1/2/2025
42-879-9478_295,42-879-9478,95,10.00,950.0,6/1/2024
00-405-7428_296,00-405-7428,42,3.50,147.0,1/20/2025
87-997-0228_297,87-997-0228,81,3.00,243.0,9/15/2024
05-498-7751_298,05-498-7751,56,2.50,140.0,10/28/2024
55-631-7937_299,55-631-7937,25,3.00,75.0,10/15/2024
27-389-3529_300,27-389-3529,60,9.00,540.0,1/14/2025
84-272-0790_301,84-272-0790,48,10.00,480.0,5/23/2024
01-903-5373_302,01-903-5373,40,6.00,240.0,9/30/2024
49-311-3063_303,49-311-3063,70,6.00,420.0,2/6/2025
04-277-5245_304,04-277-5245,71,5.00,355.0,3/19/2024
04-453-5485_305,04-453-5485,86,2.50,215.0,4/8/2024
42-141-5718_306,42-141-5718,88,9.00,792.0,9/13/2024
89-602-6755_307,89-602-6755,24,1.00,24.0,5/23/2024
15-045-8444_308,15-045-8444,88,12.00,1056.0,3/4/2024
15-240-6267_309,15-240-6267,42,3.00,126.0,3/11/2024
05-193-8096_310,05-193-8096,39,5.50,214.5,4/14/2024
93-342-8794_311,93-342-8794,83,1.50,124.5,1/8/2025
83-716-2177_312,83-716-2177,57,20.00,1140.0,4/10/2024
56-635-6764_313,56-635-6764,75,4.50,337.5,6/3/2024
10-249-7928_314,10-249-7928,95,6.50,617.5,8/18/2024
65-759-3721_315,65-759-3721,20,6.00,120.0,6/16/2024
08-725-8156_316,08-725-8156,57,7.00,399.0,8/18/2024
15-679-3935_317,15-679-3935,34,5.50,187.0,2/9/2025
81-578-7404_318,81-578-7404,73,7.00,511.0,2/13/2025
82-380-5378_319,82-380-5378,60,9.00,540.0,6/1/2024
78-362-8578_320,78-362-8578,25,2.45,61.25000000000001,7/6/2024
32-261-0008_321,32-261-0008,21,4.00,84.0,5/30/2024
74-943-9034_322,74-943-9034,97,2.50,242.5,7/11/2024
86-330-0214_323,86-330-0214,91,20.00,1820.0,3/15/2024
80-334-0215_324,80-334-0215,57,5.50,313.5,11/27/2024
48-957-8596_325,48-957-8596,87,53.82,4682.34,9/4/2024
37-246-0018_326,37-246-0018,61,4.00,244.0,3/20/2024
17-002-4721_327,17-002-4721,71,2.00,142.0,9/10/2024
47-802-5023_328,47-802-5023,81,8.00,648.0,4/30/2024
22-319-1377_329,22-319-1377,39,2.00,78.0,7/23/2024
57-903-6434_330,57-903-6434,82,2.50,205.0,3/13/2024
22-083-3347_331,22-083-3347,34,1.50,51.0,7/7/2024
65-145-9672_332,65-145-9672,66,1.50,99.0,8/11/2024
95-252-9619_333,95-252-9619,30,1.60,48.0,12/27/2024
74-294-3760_334,74-294-3760,45,4.00,180.0,9/23/2024
06-797-4963_335,06-797-4963,38,6.00,228.0,8/31/2024
39-768-8205_336,39-768-8205,82,2.50,205.0,2/28/2024
03-043-9933_337,03-043-9933,50,6.10,305.0,7/21/2024
29-823-6004_338,29-823-6004,36,2.50,90.0,6/11/2024
40-462-2952_339,40-462-2952,81,11.50,931.5,8/12/2024
71-999-2404_340,71-999-2404,85,4.70,399.5,3/18/2024
03-919-9890_341,03-919-9890,61,20.00,1220.0,8/9/2024
94-525-6925_342,94-525-6925,70,3.00,210.0,3/27/2024
08-213-2058_343,08-213-2058,59,4.00,236.0,7/28/2024
51-312-8608_344,51-312-8608,79,8.90,703.1,2/27/2024
67-512-9754_345,67-512-9754,66,2.50,165.0,4/25/2024
45-402-0421_346,45-402-0421,71,8.00,568.0,7/20/2024
85-207-4164_347,85-207-4164,29,3.00,87.0,2/29/2024
72-780-6006_348,72-780-6006,83,2.50,207.5,5/11/2024
93-166-3169_349,93-166-3169,85,25.00,2125.0,6/24/2024
21-718-6746_350,21-718-6746,21,5.00,105.0,6/11/2024
93-966-7754_351,93-966-7754,25,3.50,87.5,8/11/2024
47-663-5703_352,47-663-5703,68,4.50,306.0,12/6/2024
34-110-1040_353,34-110-1040,26,4.50,117.0,5/30/2024
82-342-7339_354,82-342-7339,63,5.50,346.5,7/27/2024
43-670-8544_355,43-670-8544,48,2.85,136.8,6/20/2024
12-439-8428_356,12-439-8428,49,3.00,147.0,3/21/2024
49-919-8798_357,49-919-8798,85,1.90,161.5,6/19/2024
73-567-6194_358,73-567-6194,65,4.00,260.0,3/4/2024
83-573-4586_359,83-573-4586,29,6.50,188.5,4/17/2024
12-798-9401_360,12-798-9401,78,2.50,195.0,1/5/2025
02-895-7781_361,02-895-7781,21,5.00,105.0,2/19/2025
83-625-3618_362,83-625-3618,84,5.00,420.0,8/5/2024
89-181-4523_363,89-181-4523,63,10.00,630.0,7/23/2024
95-354-8583_364,95-354-8583,30,1.50,45.0,2/19/2025
90-303-1821_365,90-303-1821,30,2.00,60.0,2/13/2025
71-631-5875_366,71-631-5875,61,15.00,915.0,5/29/2024
02-275-6061_367,02-275-6061,64,1.20,76.8,6/30/2024
04-001-1793_368,04-001-1793,88,12.00,1056.0,3/31/2024
47-749-3277_369,47-749-3277,54,2.50,135.0,3/6/2024
37-666-3902_370,37-666-3902,70,2.45,171.5,3/12/2024
73-942-0508_371,73-942-0508,76,4.00,304.0,7/20/2024
57-359-3397_372,57-359-3397,95,7.00,665.0,7/13/2024
46-436-5351_373,46-436-5351,81,8.50,688.5,8/24/2024
27-881-1177_374,27-881-1177,97,8.00,776.0,1/23/2025
85-237-3505_375,85-237-3505,78,8.00,624.0,8/23/2024
80-371-3695_376,80-371-3695,94,5.00,470.0,12/15/2024
04-758-0410_377,04-758-0410,40,10.00,400.0,8/3/2024
65-644-1394_378,65-644-1394,92,4.50,414.0,7/29/2024
04-293-6969_379,04-293-6969,93,4.00,372.0,6/15/2024
40-997-2786_380,40-997-2786,62,1.75,108.5,11/14/2024
91-553-1774_381,91-553-1774,64,7.00,448.0,6/26/2024
13-980-8804_382,13-980-8804,98,2.00,196.0,8/19/2024
19-672-8982_383,19-672-8982,64,3.10,198.4,1/3/2025
35-299-0889_384,35-299-0889,60,5.00,300.0,11/5/2024
17-022-9721_385,17-022-9721,39,3.50,136.5,11/8/2024
22-849-2551_386,22-849-2551,58,6.20,359.6,6/12/2024
53-050-8242_387,53-050-8242,66,7.50,495.0,3/30/2024
88-183-5781_388,88-183-5781,93,3.50,325.5,8/2/2024
09-101-1740_389,09-101-1740,73,4.75,346.75,7/7/2024
98-445-7372_390,98-445-7372,56,8.00,448.0,5/12/2024
29-875-6900_391,29-875-6900,35,4.50,157.5,3/18/2024
27-757-4489_392,27-757-4489,95,2.50,237.5,4/12/2024
51-069-0489_393,51-069-0489,81,1.50,121.5,10/4/2024
20-325-1965_394,20-325-1965,42,5.00,210.0,9/4/2024
76-090-4411_395,76-090-4411,38,6.00,228.0,12/12/2024
01-703-8441_396,01-703-8441,76,1.50,114.0,4/23/2024
09-622-7119_397,09-622-7119,99,9.00,891.0,7/22/2024
45-172-7012_398,45-172-7012,35,4.50,157.5,11/26/2024
06-849-4869_399,06-849-4869,46,6.50,299.0,5/13/2024
30-996-2526_400,30-996-2526,98,2.10,205.8,10/20/2024
71-074-6292_401,71-074-6292,100,4.00,400.0,4/2/2024
98-909-9395_402,98-909-9395,35,5.00,175.0,4/22/2024
61-796-6540_403,61-796-6540,23,6.00,138.0,4/24/2024
41-735-9837_404,41-735-9837,32,10.00,320.0,8/2/2024
60-343-3288_405,60-343-3288,54,6.70,361.8,3/28/2024
27-783-5470_406,27-783-5470,21,7.00,147.0,1/30/2025
60-456-8169_407,60-456-8169,69,9.00,621.0,1/28/2025
99-420-3592_408,99-420-3592,47,6.00,282.0,7/19/2024
35-836-6718_409,35-836-6718,50,6.00,300.0,2/10/2025
51-273-4240_410,51-273-4240,30,3.50,105.0,2/18/2025
38-924-3007_411,38-924-3007,46,3.00,138.0,5/18/2024
52-123-8039_412,52-123-8039,78,6.00,468.0,12/21/2024
34-131-8805_413,34-131-8805,50,1.75,87.5,1/21/2025
28-505-8317_414,28-505-8317,92,3.00,276.0,10/12/2024
41-594-5069_415,41-594-5069,58,1.00,58.0,11/5/2024
94-658-4945_416,94-658-4945,71,2.00,142.0,8/27/2024
69-561-2496_417,69-561-2496,77,15.31,1178.8700000000001,8/8/2024
98-858-6323_418,98-858-6323,50,8.00,400.0,10/22/2024
92-995-8689_419,92-995-8689,63,9.00,567.0,12/3/2024
43-164-5984_420,43-164-5984,26,2.90,75.39999999999999,4/13/2024
58-122-2282_421,58-122-2282,45,5.00,225.0,12/6/2024
84-269-9130_422,84-269-9130,48,1.50,72.0,6/5/2024
11-922-3342_423,11-922-3342,80,15.50,1240.0,3/18/2024
60-550-4771_424,60-550-4771,49,9.00,441.0,7/6/2024
88-951-9038_425,88-951-9038,89,15.00,1335.0,7/8/2024
08-114-3922_426,08-114-3922,34,10.00,340.0,9/2/2024
70-145-2550_427,70-145-2550,38,2.40,91.2,5/1/2024
51-761-6320_428,51-761-6320,48,2.50,120.0,3/9/2024
55-803-3964_429,55-803-3964,31,1.50,46.5,2/16/2025
11-815-7923_430,11-815-7923,78,11.80,920.4000000000001,1/26/2025
83-966-3280_431,83-966-3280,80,7.50,600.0,6/22/2024
29-592-7315_432,29-592-7315,61,4.50,274.5,3/15/2024
65-235-7676_433,65-235-7676,74,3.50,259.0,1/10/2025
40-683-0283_434,40-683-0283,57,2.00,114.0,8/17/2024
83-553-9523_435,83-553-9523,76,2.45,186.20000000000002,11/5/2024
40-793-7235_436,40-793-7235,23,4.00,92.0,4/5/2024
74-666-5671_437,74-666-5671,27,18.00,486.0,12/21/2024
90-865-9150_438,90-865-9150,82,2.50,205.0,9/22/2024
46-255-3073_439,46-255-3073,48,7.00,336.0,5/2/2024
11-155-7826_440,11-155-7826,39,20.00,780.0,7/6/2024
99-543-5039_441,99-543-5039,89,2.50,222.5,1/28/2025
99-033-5661_442,99-033-5661,35,2.00,70.0,9/19/2024
28-608-0039_443,28-608-0039,33,2.50,82.5,12/26/2024
35-529-2933_444,35-529-2933,85,4.00,340.0,7/28/2024
83-321-7887_445,83-321-7887,96,1.00,96.0,12/14/2024
43-910-2342_446,43-910-2342,47,4.00,188.0,12/12/2024
21-633-8696_447,21-633-8696,93,5.00,465.0,4/18/2024
76-401-7083_448,76-401-7083,47,6.00,282.0,9/3/2024
92-551-8504_449,92-551-8504,39,1.50,58.5,6/29/2024
76-264-0748_450,76-264-0748,39,3.00,117.0,4/15/2024
88-586-8797_451,88-586-8797,59,5.50,324.5,3/30/2024
21-993-5632_452,21-993-5632,23,3.00,69.0,3/23/2024
27-681-5588_453,27-681-5588,54,10.00,540.0,2/19/2025
23-265-8144_454,23-265-8144,62,1.70,105.39999999999999,6/1/2024
26-134-9069_455,26-134-9069,90,4.00,360.0,3/10/2024
76-623-7844_456,76-623-7844,50,0.80,40.0,7/19/2024
88-977-0175_457,88-977-0175,47,5.00,235.0,8/2/2024
12-714-5135_458,12-714-5135,70,6.00,420.0,1/9/2025
43-153-8268_459,43-153-8268,79,2.00,158.0,2/23/2025
95-130-9020_460,95-130-9020,69,4.10,282.9,2/28/2024
82-678-8097_461,82-678-8097,90,4.80,432.0,4/8/2024
21-693-8216_462,21-693-8216,34,2.50,85.0,2/26/2024
56-831-6199_463,56-831-6199,96,15.00,1440.0,9/16/2024
81-268-5905_464,81-268-5905,48,7.50,360.0,10/24/2024
41-237-5498_465,41-237-5498,56,9.00,504.0,1/4/2025
32-987-5559_466,32-987-5559,28,8.00,224.0,11/25/2024
71-436-5841_467,71-436-5841,47,2.50,117.5,7/4/2024
63-890-1246_468,63-890-1246,76,5.00,380.0,6/27/2024
65-368-2479_469,65-368-2479,81,2.40,194.4,8/15/2024
74-562-7431_470,74-562-7431,74,5.50,407.0,3/18/2024
51-583-6029_471,51-583-6029,72,4.00,288.0,4/20/2024
06-996-3221_472,06-996-3221,48,2.00,96.0,10/13/2024
96-334-2593_473,96-334-2593,43,25.30,1087.9,12/26/2024
58-219-0241_474,58-219-0241,27,10.00,270.0,9/26/2024
87-272-6544_475,87-272-6544,51,2.50,127.5,5/6/2024
95-357-2870_476,95-357-2870,22,4.50,99.0,3/18/2024
88-401-3700_477,88-401-3700,30,2.50,75.0,7/29/2024
72-404-5581_478,72-404-5581,60,9.50,570.0,1/23/2025
11-766-8738_479,11-766-8738,70,3.00,210.0,11/14/2024
15-796-3130_480,15-796-3130,83,3.00,249.0,10/14/2024
73-751-4393_481,73-751-4393,37,2.00,74.0,10/31/2024
62-100-2245_482,62-100-2245,62,4.20,260.40000000000003,7/9/2024
08-961-3009_483,08-961-3009,60,9.20,552.0,6/2/2024
33-440-2588_484,33-440-2588,73,4.40,321.20000000000005,1/17/2025
24-009-1208_485,24-009-1208,89,25.00,2225.0,4/30/2024
71-300-2191_486,71-300-2191,67,4.00,268.0,7/11/2024
74-430-8245_487,74-430-8245,75,4.00,300.0,2/26/2024
68-636-4774_488,68-636-4774,44,1.45,63.8,11/3/2024
38-655-2312_489,38-655-2312,80,4.00,320.0,8/7/2024
16-632-1308_490,16-632-1308,31,20.00,620.0,3/27/2024
37-606-0510_491,37-606-0510,73,1.00,73.0,9/13/2024
36-296-9609_492,36-296-9609,91,2.50,227.5,5/4/2024
22-329-7791_493,22-329-7791,24,3.00,72.0,3/16/2024
56-894-3733_494,56-894-3733,49,1.75,85.75,4/5/2024
06-858-5680_495,06-858-5680,49,6.50,318.5,8/22/2024
71-954-4501_496,71-954-4501,27,10.00,270.0,6/27/2024
12-046-2988_497,12-046-2988,23,2.50,57.5,1/25/2025
95-356-1566_498,95-356-1566,42,5.50,231.0,7/22/2024
34-291-4939_499,34-291-4939,78,4.00,312.0,3/9/2024
35-621-2546_500,35-621-2546,68,8.00,544.0,4/22/2024
21-013-3508_501,21-013-3508,25,1.00,25.0,6/9/2024
38-049-9319_502,38-049-9319,21,5.00,105.0,11/7/2024
94-697-2396_503,94-697-2396,58,4.00,232.0,11/27/2024
33-807-7247_504,33-807-7247,62,7.00,434.0,6/23/2024
62-816-8794_505,62-816-8794,90,2.00,180.0,11/16/2024
33-507-9886_506,33-507-9886,25,3.50,87.5,4/4/2024
40-003-7322_507,40-003-7322,38,2.00,76.0,5/7/2024
95-090-2788_508,95-090-2788,86,6.50,559.0,9/2/2024
06-503-5891_509,06-503-5891,76,2.45,186.20000000000002,3/22/2024
38-555-9147_510,38-555-9147,34,15.50,527.0,7/23/2024
64-854-8664_511,64-854-8664,46,4.00,184.0,8/16/2024
50-942-2409_512,50-942-2409,96,3.00,288.0,10/31/2024
17-493-4579_513,17-493-4579,24,9.50,228.0,10/4/2024
10-854-5467_514,10-854-5467,61,2.30,140.29999999999998,3/16/2024
11-604-6002_515,11-604-6002,79,2.30,181.7,1/14/2025
44-305-1866_516,44-305-1866,95,3.00,285.0,4/29/2024
49-730-0159_517,49-730-0159,48,2.40,115.19999999999999,10/3/2024
70-534-7796_518,70-534-7796,22,2.50,55.0,2/19/2025
95-738-4658_519,95-738-4658,81,12.00,972.0,4/2/2024
20-405-4865_520,20-405-4865,46,0.90,41.4,6/2/2024
79-428-8753_521,79-428-8753,34,1.00,34.0,5/16/2024
10-626-8536_522,10-626-8536,76,5.00,380.0,5/1/2024
27-216-9671_523,27-216-9671,77,6.50,500.5,8/11/2024
14-489-8669_524,14-489-8669,77,1.75,134.75,7/24/2024
46-632-8420_525,46-632-8420,89,4.10,364.9,3/8/2024
39-192-3521_526,39-192-3521,46,30.50,1403.0,6/26/2024
94-528-8088_527,94-528-8088,66,9.00,594.0,9/26/2024
74-305-1263_528,74-305-1263,28,12.00,336.0,10/5/2024
53-151-5726_529,53-151-5726,34,5.50,187.0,12/8/2024
02-085-7218_530,02-085-7218,57,8.90,507.3,1/17/2025
77-777-4536_531,77-777-4536,54,4.40,237.60000000000002,12/8/2024
86-482-6451_532,86-482-6451,63,25.00,1575.0,5/5/2024
36-127-4273_533,36-127-4273,88,6.20,545.6,10/1/2024
03-061-1344_534,03-061-1344,62,12.00,744.0,9/27/2024
97-300-7511_535,97-300-7511,90,1.00,90.0,4/3/2024
83-108-1174_536,83-108-1174,89,2.50,222.5,9/12/2024
38-664-2155_537,38-664-2155,52,2.55,132.6,1/13/2025
80-459-5950_538,80-459-5950,100,20.00,2000.0,7/27/2024
93-015-0811_539,93-015-0811,88,3.50,308.0,11/26/2024
02-888-9412_540,02-888-9412,92,2.48,228.16,6/8/2024
10-218-2680_541,10-218-2680,26,2.50,65.0,6/4/2024
30-964-2694_542,30-964-2694,51,3.00,153.0,9/18/2024
15-144-9413_543,15-144-9413,52,5.90,306.8,7/10/2024
17-253-5688_544,17-253-5688,47,3.00,141.0,8/15/2024
31-608-1445_545,31-608-1445,54,4.40,237.60000000000002,2/9/2025
51-934-9117_546,51-934-9117,56,6.00,336.0,8/25/2024
72-810-9753_547,72-810-9753,51,6.50,331.5,1/28/2025
53-146-9979_548,53-146-9979,37,2.50,92.5,2/5/2025
46-622-3434_549,46-622-3434,58,4.75,275.5,10/4/2024
47-843-8207_550,47-843-8207,28,2.50,70.0,9/1/2024
29-135-0791_551,29-135-0791,71,4.75,337.25,10/18/2024
45-194-4094_552,45-194-4094,60,3.90,234.0,10/10/2024
09-712-3630_553,09-712-3630,22,5.50,121.0,7/9/2024
56-213-0577_554,56-213-0577,24,4.50,108.0,5/25/2024
78-956-4737_555,78-956-4737,32,4.20,134.4,1/29/2025
29-436-6570_556,29-436-6570,73,4.00,292.0,6/20/2024
04-038-1547_557,04-038-1547,27,2.80,75.6,3/26/2024
76-476-9996_558,76-476-9996,35,5.00,175.0,10/6/2024
43-469-7551_559,43-469-7551,36,20.00,720.0,12/27/2024
15-169-8058_560,15-169-8058,58,1.50,87.0,6/12/2024
37-567-3218_561,37-567-3218,38,9.50,361.0,7/30/2024
92-455-2959_562,92-455-2959,90,10.30,927.0000000000001,9/11/2024
75-672-4378_563,75-672-4378,45,6.00,270.0,7/15/2024
66-806-6051_564,66-806-6051,56,1.70,95.2,9/23/2024
65-527-9488_565,65-527-9488,59,5.50,324.5,7/10/2024
36-840-2728_566,36-840-2728,31,7.50,232.5,1/21/2025
07-389-5740_567,07-389-5740,96,0.80,76.80000000000001,1/3/2025
13-144-2169_568,13-144-2169,57,3.00,171.0,10/1/2024
13-798-3397_569,13-798-3397,34,2.50,85.0,3/27/2024
85-806-0613_570,85-806-0613,50,5.00,250.0,3/7/2024
67-248-6306_571,67-248-6306,64,2.50,160.0,7/27/2024
47-866-6589_572,47-866-6589,30,1.00,30.0,7/26/2024
91-127-7489_573,91-127-7489,42,2.95,123.9,5/11/2024
90-343-9640_574,90-343-9640,22,10.00,220.0,7/1/2024
01-018-6418_575,01-018-6418,70,5.00,350.0,11/13/2024
80-375-9075_576,80-375-9075,71,8.00,568.0,11/23/2024
80-227-6886_577,80-227-6886,46,7.00,322.0,3/13/2024
15-562-3712_578,15-562-3712,90,2.50,225.0,8/27/2024
10-137-9759_579,10-137-9759,82,3.00,246.0,3/31/2024
69-171-1305_580,69-171-1305,25,2.50,62.5,10/26/2024
83-117-7658_581,83-117-7658,62,5.00,310.0,4/5/2024
74-642-2435_582,74-642-2435,85,2.50,212.5,4/6/2024
10-445-0741_583,10-445-0741,33,10.00,330.0,6/3/2024
80-658-6456_584,80-658-6456,30,5.00,150.0,6/8/2024
81-354-4203_585,81-354-4203,52,9.00,468.0,6/18/2024
08-573-9997_586,08-573-9997,82,6.00,492.0,2/10/2025
74-610-2295_587,74-610-2295,95,12.50,1187.5,12/30/2024
76-070-1411_588,76-070-1411,71,1.90,134.9,2/1/2025
61-582-7399_589,61-582-7399,87,5.00,435.0,3/29/2024
42-674-3917_590,42-674-3917,50,2.65,132.5,9/15/2024
05-899-1428_591,05-899-1428,65,10.00,650.0,10/4/2024
74-548-9313_592,74-548-9313,52,5.00,260.0,6/24/2024
20-448-2972_593,20-448-2972,26,5.00,130.0,1/14/2025
63-162-9244_594,63-162-9244,37,3.00,111.0,5/24/2024
91-417-0366_595,91-417-0366,41,5.50,225.5,6/7/2024
60-311-5701_596,60-311-5701,54,6.50,351.0,10/29/2024
36-899-5324_597,36-899-5324,57,2.90,165.29999999999998,8/1/2024
22-266-9291_598,22-266-9291,69,6.00,414.0,7/20/2024
76-584-4790_599,76-584-4790,49,4.00,196.0,6/3/2024
82-948-2298_600,82-948-2298,53,5.70,302.1,7/12/2024
97-283-4840_601,97-283-4840,82,1.80,147.6,4/29/2024
17-395-1121_602,17-395-1121,58,3.85,223.3,11/18/2024
74-132-5528_603,74-132-5528,62,2.50,155.0,5/30/2024
52-029-2382_604,52-029-2382,29,5.00,145.0,11/26/2024
11-053-0107_605,11-053-0107,42,8.00,336.0,12/25/2024
99-194-5600_606,99-194-5600,78,2.50,195.0,6/14/2024
48-289-0604_607,48-289-0604,25,2.00,50.0,5/5/2024
73-010-8323_608,73-010-8323,35,18.00,630.0,12/26/2024
06-068-6793_609,06-068-6793,46,2.50,115.0,7/20/2024
56-054-8664_610,56-054-8664,30,2.45,73.5,5/4/2024
36-330-5036_611,36-330-5036,42,15.00,630.0,2/1/2025
65-674-6076_612,65-674-6076,49,0.80,39.2,5/27/2024
87-013-6488_613,87-013-6488,64,4.25,272.0,8/8/2024
95-449-1286_614,95-449-1286,100,0.20,20.0,12/29/2024
95-640-0293_615,95-640-0293,42,4.50,189.0,5/2/2024
08-495-6853_616,08-495-6853,65,4.00,260.0,12/27/2024
42-495-7698_617,42-495-7698,29,4.30,124.69999999999999,2/13/2025
83-727-0814_618,83-727-0814,29,4.50,130.5,8/30/2024
01-050-2246_619,01-050-2246,59,5.50,324.5,7/13/2024
07-858-5487_620,07-858-5487,53,8.00,424.0,6/23/2024
20-283-0111_621,20-283-0111,62,4.45,275.90000000000003,12/31/2024
87-391-9658_622,87-391-9658,45,2.50,112.5,11/23/2024
44-782-1395_623,44-782-1395,39,1.50,58.5,9/29/2024
12-828-1063_624,12-828-1063,27,7.10,191.7,4/28/2024
72-989-2512_625,72-989-2512,85,6.00,510.0,4/5/2024
53-667-4109_626,53-667-4109,22,2.00,44.0,7/23/2024
93-772-3085_627,93-772-3085,58,13.99,811.42,3/30/2024
92-652-3737_628,92-652-3737,27,2.50,67.5,11/10/2024
74-404-0582_629,74-404-0582,44,8.00,352.0,9/10/2024
19-244-9890_630,19-244-9890,90,30.00,2700.0,3/7/2024
01-839-6534_631,01-839-6534,93,3.00,279.0,10/25/2024
58-229-1358_632,58-229-1358,87,2.35,204.45000000000002,4/5/2024
80-025-6757_633,80-025-6757,74,5.50,407.0,4/4/2024
35-031-1497_634,35-031-1497,38,12.00,456.0,1/9/2025
26-629-5920_635,26-629-5920,49,3.00,147.0,5/15/2024
51-000-8113_636,51-000-8113,49,8.00,392.0,10/14/2024
93-571-7294_637,93-571-7294,69,4.35,300.15,9/6/2024
48-770-6319_638,48-770-6319,77,1.00,77.0,4/28/2024
74-818-3306_639,74-818-3306,25,2.45,61.25000000000001,8/10/2024
15-082-9124_640,15-082-9124,49,5.00,245.0,1/31/2025
66-854-5736_641,66-854-5736,20,5.80,116.0,1/11/2025
90-128-7973_642,90-128-7973,75,6.25,468.75,9/19/2024
60-198-7050_643,60-198-7050,92,8.00,736.0,8/10/2024
70-206-4860_644,70-206-4860,30,0.80,24.0,2/9/2025
25-353-2067_645,25-353-2067,23,4.30,98.89999999999999,1/6/2025
93-218-8108_646,93-218-8108,99,4.00,396.0,6/17/2024
95-262-6208_647,95-262-6208,72,5.00,360.0,12/24/2024
02-484-0206_648,02-484-0206,48,3.00,144.0,11/25/2024
08-226-5155_649,08-226-5155,52,4.50,234.0,4/27/2024
47-581-0363_650,47-581-0363,69,12.00,828.0,7/14/2024
04-104-6993_651,04-104-6993,42,2.45,102.9,11/16/2024
45-380-4627_652,45-380-4627,52,0.90,46.800000000000004,10/20/2024
41-240-8856_653,41-240-8856,45,9.00,405.0,8/18/2024
81-573-0943_654,81-573-0943,33,0.20,6.6000000000000005,2/7/2025
67-725-6830_655,67-725-6830,53,2.50,132.5,11/23/2024
55-154-4728_656,55-154-4728,28,20.00,560.0,4/2/2024
41-526-4036_657,41-526-4036,69,4.00,276.0,5/13/2024
86-273-9377_658,86-273-9377,64,1.80,115.2,12/26/2024
98-499-2220_659,98-499-2220,39,12.00,468.0,10/25/2024
50-930-4751_660,50-930-4751,96,15.00,1440.0,2/24/2025
88-304-2855_661,88-304-2855,80,3.50,280.0,4/3/2024
69-743-0161_662,69-743-0161,80,1.50,120.0,10/22/2024
40-902-1995_663,40-902-1995,59,4.80,283.2,10/8/2024
50-329-3360_664,50-329-3360,62,10.00,620.0,11/7/2024
03-441-4252_665,03-441-4252,22,1.75,38.5,10/27/2024
97-093-4278_666,97-093-4278,29,2.55,73.94999999999999,10/29/2024
01-820-5784_667,01-820-5784,23,1.00,23.0,12/23/2024
31-803-5001_668,31-803-5001,25,4.70,117.5,10/12/2024
61-317-9944_669,61-317-9944,87,2.50,217.5,6/29/2024
56-303-5256_670,56-303-5256,75,10.00,750.0,8/24/2024
86-672-4191_671,86-672-4191,54,2.50,135.0,1/4/2025
34-547-0827_672,34-547-0827,94,1.80,169.20000000000002,4/7/2024
20-387-7746_673,20-387-7746,97,2.50,242.5,10/14/2024
50-329-3145_674,50-329-3145,31,1.00,31.0,11/6/2024
02-559-8196_675,02-559-8196,74,5.20,384.8,6/10/2024
69-834-2874_676,69-834-2874,28,5.00,140.0,3/27/2024
27-474-0056_677,27-474-0056,95,2.50,237.5,3/20/2024
66-378-7532_678,66-378-7532,55,10.00,550.0,1/7/2025
28-185-7303_679,28-185-7303,48,10.00,480.0,9/15/2024
19-854-3663_680,19-854-3663,100,3.00,300.0,11/19/2024
42-175-1648_681,42-175-1648,94,6.00,564.0,1/8/2025
56-657-4387_682,56-657-4387,51,2.50,127.5,3/21/2024
05-720-8792_683,05-720-8792,81,1.50,121.5,3/24/2024
84-151-2114_684,84-151-2114,77,2.50,192.5,12/6/2024
10-378-9729_685,10-378-9729,36,66.55,2395.7999999999997,12/23/2024
53-930-2215_686,53-930-2215,77,2.50,192.5,7/5/2024
02-034-6209_687,02-034-6209,45,4.10,184.49999999999997,2/1/2025
28-003-8065_688,28-003-8065,83,9.50,788.5,7/19/2024
19-021-5024_689,19-021-5024,76,4.00,304.0,5/19/2024
07-846-4804_690,07-846-4804,78,4.75,370.5,10/8/2024
70-542-4269_691,70-542-4269,86,7.00,602.0,6/19/2024
52-797-6961_692,52-797-6961,62,7.00,434.0,9/19/2024
66-327-2821_693,66-327-2821,78,1.80,140.4,8/2/2024
12-093-9863_694,12-093-9863,73,4.50,328.5,11/23/2024
08-396-2704_695,08-396-2704,80,2.00,160.0,3/10/2024
72-970-0239_696,72-970-0239,78,6.50,507.0,6/30/2024
03-940-0630_697,03-940-0630,91,2.50,227.5,11/8/2024
67-130-4114_698,67-130-4114,46,4.50,207.0,4/15/2024
32-270-1385_699,32-270-1385,48,42.58,2043.84,10/28/2024
85-510-2915_700,85-510-2915,42,2.50,105.0,12/16/2024
00-842-9790_701,00-842-9790,66,2.50,165.0,7/31/2024
49-377-9731_702,49-377-9731,54,2.00,108.0,6/2/2024
96-682-8546_703,96-682-8546,62,0.20,12.4,3/31/2024
92-837-8839_704,92-837-8839,63,2.00,126.0,4/14/2024
68-732-5919_705,68-732-5919,75,4.75,356.25,2/7/2025
37-064-7275_706,37-064-7275,72,10.00,720.0,3/22/2024
43-193-9915_707,43-193-9915,48,7.20,345.6,1/17/2025
45-992-5653_708,45-992-5653,26,2.75,71.5,3/25/2024
45-852-2446_709,45-852-2446,89,15.00,1335.0,9/15/2024
57-394-4703_710,57-394-4703,74,25.00,1850.0,10/26/2024
07-679-1199_711,07-679-1199,51,2.00,102.0,7/4/2024
47-221-3391_712,47-221-3391,54,15.00,810.0,4/6/2024
80-698-0324_713,80-698-0324,51,6.00,306.0,4/17/2024
36-383-3677_714,36-383-3677,52,2.50,130.0,6/16/2024
42-907-6946_715,42-907-6946,55,5.00,275.0,7/6/2024
96-209-1739_716,96-209-1739,24,2.00,48.0,9/8/2024
36-679-4670_717,36-679-4670,81,4.50,364.5,6/30/2024
08-637-9335_718,08-637-9335,26,2.00,52.0,12/16/2024
56-875-3717_719,56-875-3717,64,2.50,160.0,10/9/2024
86-978-6666_720,86-978-6666,34,2.70,91.80000000000001,10/1/2024
41-475-5305_721,41-475-5305,71,3.00,213.0,4/19/2024
25-911-7736_722,25-911-7736,96,3.00,288.0,12/11/2024
28-433-8533_723,28-433-8533,73,3.20,233.60000000000002,5/8/2024
84-624-0201_724,84-624-0201,34,1.50,51.0,7/17/2024
45-634-0679_725,45-634-0679,53,9.00,477.0,10/13/2024
93-014-4256_726,93-014-4256,51,2.00,102.0,1/5/2025
24-989-3302_727,24-989-3302,61,5.00,305.0,5/25/2024
46-415-8633_728,46-415-8633,87,3.50,304.5,1/29/2025
73-117-6105_729,73-117-6105,67,2.50,167.5,8/23/2024
53-710-7630_730,53-710-7630,24,2.00,48.0,6/25/2024
10-617-7581_731,10-617-7581,98,4.00,392.0,6/20/2024
66-312-5511_732,66-312-5511,80,10.00,800.0,5/27/2024
87-423-8486_733,87-423-8486,40,2.50,100.0,8/17/2024
64-493-5270_734,64-493-5270,63,1.80,113.4,10/30/2024
31-255-9616_735,31-255-9616,28,18.00,504.0,3/14/2024
26-799-3714_736,26-799-3714,37,10.00,370.0,2/29/2024
64-119-7804_737,64-119-7804,86,4.50,387.0,6/25/2024
74-181-4135_738,74-181-4135,88,0.20,17.6,4/18/2024
34-369-7712_739,34-369-7712,23,5.00,115.0,5/16/2024
31-157-1822_740,31-157-1822,94,6.10,573.4,12/19/2024
27-459-0724_741,27-459-0724,32,7.00,224.0,11/9/2024
47-441-7682_742,47-441-7682,28,4.00,112.0,7/29/2024
32-676-1026_743,32-676-1026,43,15.00,645.0,12/18/2024
77-959-1018_744,77-959-1018,62,2.00,124.0,1/15/2025
60-911-3745_745,60-911-3745,70,6.35,444.5,1/5/2025
57-101-0060_746,57-101-0060,32,2.75,88.0,2/13/2025
54-758-4622_747,54-758-4622,65,5.00,325.0,6/5/2024
92-152-5820_748,92-152-5820,65,5.30,344.5,5/12/2024
44-637-5512_749,44-637-5512,71,3.00,213.0,1/22/2025
65-854-9364_750,65-854-9364,61,6.30,384.3,11/4/2024
60-747-8704_751,60-747-8704,53,4.50,238.5,7/12/2024
85-835-3445_752,85-835-3445,78,2.45,191.10000000000002,1/11/2025
66-716-8221_753,66-716-8221,63,9.00,567.0,2/8/2025
01-026-2772_754,01-026-2772,76,10.00,760.0,8/28/2024
21-252-1360_755,21-252-1360,100,2.50,250.0,6/22/2024
80-039-1261_756,80-039-1261,94,6.00,564.0,9/25/2024
48-427-0551_757,48-427-0551,67,20.00,1340.0,10/17/2024
02-575-1980_758,02-575-1980,99,4.00,396.0,2/28/2024
61-293-6327_759,61-293-6327,21,15.00,315.0,8/9/2024
08-519-5579_760,08-519-5579,90,4.00,360.0,8/9/2024
33-670-6797_761,33-670-6797,35,7.50,262.5,7/14/2024
29-741-8132_762,29-741-8132,26,4.00,104.0,3/2/2024
89-713-6071_763,89-713-6071,39,6.50,253.5,1/13/2025
00-641-8691_764,00-641-8691,96,15.00,1440.0,11/28/2024
68-977-6854_765,68-977-6854,76,5.00,380.0,8/19/2024
86-257-4613_766,86-257-4613,63,4.75,299.25,3/15/2024
06-340-6856_767,06-340-6856,93,9.75,906.75,5/6/2024
11-338-4598_768,11-338-4598,96,1.20,115.19999999999999,10/16/2024
82-711-0772_769,82-711-0772,36,2.40,86.39999999999999,2/15/2025
05-184-4175_770,05-184-4175,33,15.00,495.0,9/5/2024
17-274-6898_771,17-274-6898,67,3.50,234.5,7/7/2024
79-569-8856_772,79-569-8856,24,2.00,48.0,4/1/2024
00-534-9775_773,00-534-9775,90,14.90,1341.0,12/29/2024
94-071-2261_774,94-071-2261,33,4.50,148.5,9/1/2024
94-355-3070_775,94-355-3070,64,6.80,435.2,7/26/2024
17-265-1899_776,17-265-1899,86,3.00,258.0,12/30/2024
13-888-0149_777,13-888-0149,32,2.00,64.0,2/17/2025
21-890-2826_778,21-890-2826,59,7.00,413.0,6/15/2024
05-425-0746_779,05-425-0746,40,2.00,80.0,12/12/2024
88-807-8431_780,88-807-8431,86,9.00,774.0,1/2/2025
77-377-1659_781,77-377-1659,24,9.50,228.0,8/25/2024
92-362-3567_782,92-362-3567,93,2.50,232.5,10/10/2024
99-961-0767_783,99-961-0767,95,4.00,380.0,4/16/2024
94-092-3355_784,94-092-3355,87,2.50,217.5,6/13/2024
29-344-3658_785,29-344-3658,63,1.90,119.69999999999999,10/27/2024
60-327-4114_786,60-327-4114,78,2.35,183.3,9/7/2024
13-409-9040_787,13-409-9040,53,25.25,1338.25,6/30/2024
75-927-9108_788,75-927-9108,55,1.00,55.0,9/29/2024
30-806-3823_789,30-806-3823,100,4.75,475.0,3/2/2024
65-780-5622_790,65-780-5622,51,6.00,306.0,2/5/2025
94-598-3383_791,94-598-3383,43,2.50,107.5,7/5/2024
45-250-4679_792,45-250-4679,41,1.50,61.5,5/2/2024
45-317-9731_793,45-317-9731,46,1.80,82.8,7/8/2024
41-131-3841_794,41-131-3841,27,9.50,256.5,10/29/2024
15-905-7750_795,15-905-7750,86,5.00,430.0,12/2/2024
68-973-8812_796,68-973-8812,89,2.00,178.0,7/27/2024
49-570-8214_797,49-570-8214,68,4.00,272.0,5/13/2024
57-779-4955_798,57-779-4955,38,6.25,237.5,11/29/2024
85-781-5386_799,85-781-5386,47,15.00,705.0,3/25/2024
72-341-1154_800,72-341-1154,65,4.20,273.0,1/6/2025
28-986-8001_801,28-986-8001,80,6.00,480.0,8/14/2024
82-811-7988_802,82-811-7988,74,6.00,444.0,3/3/2024
27-495-1912_803,27-495-1912,84,1.20,100.8,5/9/2024
44-480-9446_804,44-480-9446,84,2.50,210.0,9/13/2024
77-937-1108_805,77-937-1108,73,2.00,146.0,12/31/2024
82-538-4809_806,82-538-4809,35,1.00,35.0,9/16/2024
69-895-3397_807,69-895-3397,33,1.80,59.4,1/16/2025
44-112-3331_808,44-112-3331,92,18.00,1656.0,11/5/2024
93-682-2069_809,93-682-2069,77,2.00,154.0,12/6/2024
49-199-6836_810,49-199-6836,84,2.50,210.0,12/15/2024
47-221-2470_811,47-221-2470,37,6.00,222.0,7/25/2024
71-067-3278_812,71-067-3278,80,10.00,800.0,10/22/2024
89-388-3239_813,89-388-3239,81,5.50,445.5,2/12/2025
10-555-5971_814,10-555-5971,47,4.00,188.0,1/4/2025
82-931-7126_815,82-931-7126,41,5.00,205.0,10/14/2024
24-228-6840_816,24-228-6840,34,30.00,1020.0,4/16/2024
52-392-5312_817,52-392-5312,87,1.75,152.25,11/6/2024
36-531-4087_818,36-531-4087,26,9.50,247.0,3/24/2024
39-810-2042_819,39-810-2042,98,2.00,196.0,6/2/2024
55-164-7723_820,55-164-7723,66,20.00,1320.0,4/10/2024
61-680-9496_821,61-680-9496,36,3.50,126.0,3/24/2024
24-143-4957_822,24-143-4957,72,2.30,165.6,10/22/2024
26-456-1992_823,26-456-1992,65,7.00,455.0,1/26/2025
62-998-7250_824,62-998-7250,52,2.00,104.0,1/18/2025
38-617-7226_825,38-617-7226,54,6.30,340.2,10/24/2024
00-366-9496_826,00-366-9496,63,5.50,346.5,8/9/2024
76-027-4850_827,76-027-4850,25,2.00,50.0,11/27/2024
27-269-5260_828,27-269-5260,74,3.50,259.0,11/17/2024
40-126-0515_829,40-126-0515,91,1.50,136.5,2/14/2025
31-387-5020_830,31-387-5020,37,11.90,440.3,10/22/2024
13-673-7016_831,13-673-7016,36,4.00,144.0,12/4/2024
85-212-2729_832,85-212-2729,61,2.50,152.5,12/17/2024
99-048-8310_833,99-048-8310,80,2.50,200.0,7/6/2024
19-112-1616_834,19-112-1616,25,2.00,50.0,1/12/2025
98-546-7398_835,98-546-7398,41,1.75,71.75,8/27/2024
63-874-9747_836,63-874-9747,25,3.00,75.0,7/8/2024
58-946-5152_837,58-946-5152,77,1.50,115.5,10/26/2024
65-867-4029_838,65-867-4029,92,4.00,368.0,6/5/2024
89-328-9019_839,89-328-9019,55,1.50,82.5,8/20/2024
02-170-5225_840,02-170-5225,80,1.50,120.0,5/28/2024
24-478-8277_841,24-478-8277,30,3.25,97.5,12/13/2024
91-290-9062_842,91-290-9062,80,4.00,320.0,3/21/2024
44-546-5713_843,44-546-5713,24,4.00,96.0,7/8/2024
20-031-0532_844,20-031-0532,84,4.90,411.6,11/17/2024
48-242-8445_845,48-242-8445,45,4.00,180.0,3/4/2024
33-378-1365_846,33-378-1365,76,2.50,190.0,10/22/2024
57-763-5501_847,57-763-5501,54,8.00,432.0,3/6/2024
71-015-9181_848,71-015-9181,41,6.00,246.0,8/30/2024
14-115-8371_849,14-115-8371,97,5.00,485.0,1/7/2025
83-568-3475_850,83-568-3475,74,20.00,1480.0,4/17/2024
79-884-8810_851,79-884-8810,45,1.75,78.75,2/20/2025
50-772-2613_852,50-772-2613,100,9.00,900.0,6/20/2024
19-377-5021_853,19-377-5021,90,7.50,675.0,2/14/2025
39-913-2999_854,39-913-2999,68,2.00,136.0,6/9/2024
46-911-1159_855,46-911-1159,46,2.00,92.0,2/3/2025
40-630-1431_856,40-630-1431,74,8.00,592.0,10/29/2024
15-797-4824_857,15-797-4824,38,5.00,190.0,5/30/2024
37-248-6266_858,37-248-6266,64,4.50,288.0,12/24/2024
22-760-4605_859,22-760-4605,83,1.75,145.25,2/12/2025
80-020-8041_860,80-020-8041,49,6.20,303.8,6/6/2024
44-634-8292_861,44-634-8292,51,2.75,140.25,2/23/2025
19-610-2236_862,19-610-2236,98,3.50,343.0,12/7/2024
49-579-4325_863,49-579-4325,55,6.00,330.0,5/24/2024
42-134-9798_864,42-134-9798,33,2.30,75.89999999999999,10/11/2024
84-546-7624_865,84-546-7624,27,8.00,216.0,6/16/2024
11-891-8213_866,11-891-8213,41,4.00,164.0,12/2/2024
03-597-9488_867,03-597-9488,47,2.50,117.5,11/11/2024
89-624-7462_868,89-624-7462,58,5.00,290.0,10/18/2024
89-335-0155_869,89-335-0155,48,2.50,120.0,9/5/2024
59-725-4038_870,59-725-4038,62,20.50,1271.0,11/13/2024
78-953-2073_871,78-953-2073,83,2.30,190.89999999999998,6/12/2024
91-426-3204_872,91-426-3204,76,9.00,684.0,12/19/2024
40-913-9772_873,40-913-9772,68,0.20,13.600000000000001,4/11/2024
89-922-4773_874,89-922-4773,92,2.75,253.0,6/22/2024
17-236-0566_875,17-236-0566,61,2.00,122.0,10/12/2024
74-234-0628_876,74-234-0628,56,9.50,532.0,5/8/2024
80-441-7249_877,80-441-7249,31,10.00,310.0,11/25/2024
54-708-7327_878,54-708-7327,52,4.75,247.0,1/9/2025
15-846-7959_879,15-846-7959,48,2.50,120.0,4/17/2024
44-368-7112_880,44-368-7112,32,2.50,80.0,12/22/2024
03-833-3577_881,03-833-3577,81,1.80,145.8,5/2/2024
47-548-6500_882,47-548-6500,23,2.00,46.0,10/20/2024
12-342-4482_883,12-342-4482,66,11.60,765.6,10/27/2024
07-834-3320_884,07-834-3320,100,0.80,80.0,12/8/2024
16-187-5729_885,16-187-5729,90,5.00,450.0,1/6/2025
64-109-7362_886,64-109-7362,37,10.00,370.0,12/19/2024
06-655-5498_887,06-655-5498,51,9.75,497.25,8/3/2024
24-975-4231_888,24-975-4231,55,2.10,115.5,3/10/2024
98-652-9569_889,98-652-9569,72,6.00,432.0,2/6/2025
25-522-6043_890,25-522-6043,77,7.00,539.0,10/9/2024
28-275-5901_891,28-275-5901,49,10.00,490.0,4/5/2024
96-164-0607_892,96-164-0607,91,5.00,455.0,7/31/2024
93-815-0565_893,93-815-0565,53,6.50,344.5,12/12/2024
63-918-8253_894,63-918-8253,41,5.00,205.0,2/24/2025
57-167-0669_895,57-167-0669,29,9.00,261.0,11/21/2024
52-402-9245_896,52-402-9245,93,4.00,372.0,10/16/2024
17-647-0503_897,17-647-0503,97,8.00,776.0,5/11/2024
67-984-5368_898,67-984-5368,31,12.00,372.0,9/27/2024
77-827-0820_899,77-827-0820,51,6.50,331.5,6/16/2024
27-387-0428_900,27-387-0428,92,20.00,1840.0,6/23/2024
79-350-5841_901,79-350-5841,93,4.75,441.75,3/15/2024
44-128-2185_902,44-128-2185,51,4.75,242.25,8/14/2024
48-789-9187_903,48-789-9187,84,4.00,336.0,12/6/2024
21-809-7115_904,21-809-7115,46,1.80,82.8,5/5/2024
19-323-0506_905,19-323-0506,75,20.00,1500.0,11/17/2024
04-637-8815_906,04-637-8815,34,5.00,170.0,11/24/2024
60-644-6596_907,60-644-6596,96,12.00,1152.0,2/14/2025
58-005-5343_908,58-005-5343,89,1.80,160.20000000000002,5/27/2024
67-382-4435_909,67-382-4435,46,2.10,96.60000000000001,7/25/2024
09-335-7793_910,09-335-7793,30,2.40,72.0,9/18/2024
46-496-2930_911,46-496-2930,85,6.00,510.0,4/27/2024
35-353-4068_912,35-353-4068,33,1.50,49.5,12/26/2024
45-050-4720_913,45-050-4720,85,6.00,510.0,1/4/2025
87-104-0187_914,87-104-0187,52,2.75,143.0,4/6/2024
85-806-8672_915,85-806-8672,39,4.70,183.3,4/5/2024
54-281-3746_916,54-281-3746,36,2.00,72.0,9/7/2024
35-257-9312_917,35-257-9312,100,12.00,1200.0,8/18/2024
63-897-8088_918,63-897-8088,35,2.50,87.5,1/9/2025
24-986-5091_919,24-986-5091,83,5.50,456.5,5/12/2024
17-504-3699_920,17-504-3699,98,2.00,196.0,10/8/2024
23-395-3157_921,23-395-3157,55,2.00,110.0,2/18/2025
28-107-4953_922,28-107-4953,82,5.00,410.0,3/29/2024
46-083-7058_923,46-083-7058,34,9.00,306.0,1/8/2025
68-436-1268_924,68-436-1268,95,1.00,95.0,11/30/2024
93-198-5984_925,93-198-5984,50,5.00,250.0,11/5/2024
24-571-1080_926,24-571-1080,21,4.00,84.0,6/7/2024
73-874-7534_927,73-874-7534,72,6.00,432.0,11/5/2024
07-337-9889_928,07-337-9889,49,2.50,122.5,12/31/2024
28-197-9246_929,28-197-9246,22,2.50,55.0,3/10/2024
83-400-9746_930,83-400-9746,58,7.00,406.0,11/18/2024
24-579-6500_931,24-579-6500,81,10.00,810.0,4/22/2024
64-418-8356_932,64-418-8356,98,2.50,245.0,1/21/2025
15-884-7413_933,15-884-7413,63,3.50,220.5,6/22/2024
79-494-2472_934,79-494-2472,39,2.00,78.0,1/9/2025
36-177-0573_935,36-177-0573,78,2.50,195.0,8/27/2024
79-920-2395_936,79-920-2395,92,6.25,575.0,5/26/2024
96-961-2193_937,96-961-2193,36,4.75,171.0,10/10/2024
69-578-7930_938,69-578-7930,44,2.50,110.0,7/14/2024
40-205-8252_939,40-205-8252,45,3.50,157.5,6/14/2024
18-107-7886_940,18-107-7886,74,2.00,148.0,11/5/2024
35-328-8392_941,35-328-8392,20,1.45,29.0,4/29/2024
21-650-9319_942,21-650-9319,67,2.50,167.5,3/28/2024
99-894-4351_943,99-894-4351,58,2.00,116.0,10/27/2024
63-168-6018_944,63-168-6018,74,1.80,133.20000000000002,1/26/2025
26-000-1012_945,26-000-1012,69,12.00,828.0,11/30/2024
13-900-9016_946,13-900-9016,38,4.50,171.0,6/10/2024
88-408-0310_947,88-408-0310,28,2.50,70.0,6/30/2024
73-997-6251_948,73-997-6251,44,4.50,198.0,1/4/2025
50-679-2072_949,50-679-2072,82,2.30,188.6,10/6/2024
89-673-1543_950,89-673-1543,85,4.00,340.0,11/10/2024
56-937-8675_951,56-937-8675,41,2.50,102.5,9/21/2024
14-836-2894_952,14-836-2894,41,3.50,143.5,3/8/2024
87-903-3486_953,87-903-3486,79,4.00,316.0,7/30/2024
07-617-6934_954,07-617-6934,48,5.00,240.0,3/31/2024
31-403-6234_955,31-403-6234,22,18.00,396.0,5/20/2024
29-092-3453_956,29-092-3453,31,2.52,78.12,5/22/2024
34-709-9237_957,34-709-9237,26,1.50,39.0,10/27/2024
13-962-6263_958,13-962-6263,97,2.00,194.0,12/1/2024
06-731-2162_959,06-731-2162,61,2.50,152.5,4/7/2024
10-768-2443_960,10-768-2443,56,3.25,182.0,2/11/2025
36-372-2295_961,36-372-2295,37,4.45,164.65,4/26/2024
34-538-1180_962,34-538-1180,23,4.00,92.0,5/29/2024
98-148-0940_963,98-148-0940,67,0.20,13.4,4/17/2024
38-390-2115_964,38-390-2115,43,1.20,51.6,1/19/2025
02-974-8526_965,02-974-8526,97,2.00,194.0,12/26/2024
29-377-7040_966,29-377-7040,68,3.00,204.0,4/11/2024
84-327-7787_967,84-327-7787,94,0.20,18.8,8/14/2024
82-231-4245_968,82-231-4245,69,10.00,690.0,10/18/2024
70-005-5970_969,70-005-5970,66,3.50,231.0,5/18/2024
63-936-0145_970,63-936-0145,70,4.00,280.0,4/9/2024
08-196-2703_971,08-196-2703,86,3.00,258.0,3/8/2024
22-778-3553_972,22-778-3553,30,9.00,270.0,4/10/2024
37-610-1999_973,37-610-1999,71,20.00,1420.0,3/14/2024
09-618-2842_974,09-618-2842,52,2.00,104.0,12/29/2024
28-968-4195_975,28-968-4195,22,3.00,66.0,1/19/2025
55-680-0982_976,55-680-0982,25,8.00,200.0,5/28/2024
43-851-9440_977,43-851-9440,100,1.90,190.0,12/24/2024
14-331-3739_978,14-331-3739,99,10.00,990.0,4/10/2024
54-830-6971_979,54-830-6971,85,7.00,595.0,9/21/2024
53-008-2419_980,53-008-2419,31,4.75,147.25,4/3/2024
39-358-3340_981,39-358-3340,60,4.50,270.0,8/27/2024
28-146-2641_982,28-146-2641,35,12.00,420.0,4/1/2024
83-556-0996_983,83-556-0996,95,2.40,228.0,12/27/2024
53-805-9523_984,53-805-9523,54,4.50,243.0,7/2/2024
82-977-7752_985,82-977-7752,58,2.50,145.0,9/6/2024
62-393-9939_986,62-393-9939,95,9.00,855.0,6/1/2024
31-745-6850_987,31-745-6850,98,0.90,88.2,10/3/2024
86-692-2312_988,86-692-2312,22,10.00,220.0,6/11/2024
28-044-4102_989,28-044-4102,91,4.50,409.5,11/26/2024
